wnÊ,gm Vbias,lp,wp
0.000005,3.02E-08,0,1.5e-05,0.00012  
0.0000075,4.25E-08,0,1.5e-05,0.00012 
0.00001,5.48E-08,0,1.5e-05,0.00012 
0.0000125,6.71E-08,0,1.5e-05,0.00012 
0.000015,7.94E-08,0,1.5e-05,0.00012 
0.000005,3.12E-08,0,1.5e-05,0.00014  
0.0000075,4.35E-08,0,1.5e-05,0.00014 
0.00001,5.58E-08,0,1.5e-05,0.00014 
0.0000125,6.81E-08,0,1.5e-05,0.00014 
0.000015,8.04E-08,0,1.5e-05,0.00014 
