wn ,gm_m1, Vbias, lp, wp
5.00E-06,3.02E-08,0,1.5e-05,0.00012 
7.50E-06,4.25E-08,0,1.5e-05,0.00012 
1.00E-05,5.48E-08,0,1.5e-05,0.00012 
1.25E-05,6.71E-08,0,1.5e-05,0.00012 
1.50E-05,7.94E-08,0,1.5e-05,0.00012 
